{
  "train": {
    "MAE": 0.18540130901825025,
    "RMSE": 0.2454523771522099,
    "R2": 0.9994762581447617
  },
  "test": {
    "MAE": 0.303620616982665,
    "RMSE": 0.5693038686013884,
    "R2": 0.9932209478025303
  }
}