{
  "by_commodity": {
    "Brent Crude Oil": {
      "train": {
        "MAE": 0.4590006840070572,
        "RMSE": 0.6052339171558643,
        "R2": 0.9994819417175482
      },
      "test": {
        "MAE": 0.7301534420050408,
        "RMSE": 1.2253688909226663,
        "R2": 0.9959667675462276
      }
    },
    "Crude Oil": {
      "train": {
        "MAE": 0.39359068845729744,
        "RMSE": 0.5171571027459252,
        "R2": 0.9996655699450423
      },
      "test": {
        "MAE": 0.6856476788828465,
        "RMSE": 1.404048875174209,
        "R2": 0.9941569546917052
      }
    },
    "Heating Oil": {
      "train": {
        "MAE": 0.010563718800341305,
        "RMSE": 0.014173481777843683,
        "R2": 0.99973200018854
      },
      "test": {
        "MAE": 0.024546236487855748,
        "RMSE": 0.06363837589764405,
        "R2": 0.9927050152054531
      }
    },
    "Natural Gas": {
      "train": {
        "MAE": 0.05133612863679895,
        "RMSE": 0.07334798954321352,
        "R2": 0.9989824642147016
      },
      "test": {
        "MAE": 0.05160311445238688,
        "RMSE": 0.08257891366024296,
        "R2": 0.9969467714449767
      }
    },
    "RBOB Gasoline": {
      "train": {
        "MAE": 0.012515325189756397,
        "RMSE": 0.01734939453820305,
        "R2": 0.9995193146579768
      },
      "test": {
        "MAE": 0.02615261308519502,
        "RMSE": 0.07088428735217933,
        "R2": 0.9863292301242893
      }
    }
  },
  "global": {
    "train": {
      "MAE": 0.18540130901825025,
      "RMSE": 0.2454523771522099,
      "R2": 0.9994762581447617
    },
    "test": {
      "MAE": 0.303620616982665,
      "RMSE": 0.5693038686013884,
      "R2": 0.9932209478025303
    }
  }
}