{"MAE": 0.6460651969801958, "RMSE": 1.3225938676210784, "R2": 0.9948152501045037}