{"MAE": 2.1548336920858917, "RMSE": 3.3630889262043624, "R2": 0.9741865942441483}