{"train": {"MAE": 1.000831876937482, "RMSE": 1.2528945397071047, "R2": 0.9911682752579729}, "test": {"MAE": 1.1873736577083238, "RMSE": 1.5669822529606152, "R2": 0.970950582230862}}