{
  "train": {
    "MAE": 0.8620143707525149,
    "RMSE": 1.1455013725798215,
    "R2": 0.990139176060997
  },
  "test": {
    "MAE": 0.9958477503243449,
    "RMSE": 1.4607744444101756,
    "R2": 0.968823028023011
  }
}
