{"MAE": 1.797561058012242, "RMSE": 3.0052389445200967, "R2": 0.979387692043321}