{
  "test": {
    "MAE": 0.6647353054314871,
    "RMSE": 1.6047283919565598,
    "R2": 0.9981782145347502
  },
  "train": {
    "MAE": 1.4935849864506023,
    "RMSE": 1.9606826989751804,
    "R2": 0.9946790213564229
  }
}