{
    "Brent Crude Oil": {
        "MAE_train": 1.818961743143767,
        "RMSE_train": 2.4118019567946636,
        "R2_train": 0.9919244399785027,
        "MAE_test": 2.1129710340269523,
        "RMSE_test": 2.8396970697733583,
        "R2_test": 0.9489620345736802
    },
    "Crude Oil": {
        "MAE_train": 2.2391945616960975,
        "RMSE_train": 2.936110424013752,
        "R2_train": 0.9872705288207234,
        "MAE_test": 2.540928389955674,
        "RMSE_test": 3.9749876532219766,
        "R2_test": 0.9639388000377269
    },
    "Heating Oil": {
        "MAE_train": 0.06257356868570006,
        "RMSE_train": 0.08407757596998246,
        "R2_train": 0.9886799091059293,
        "MAE_test": 0.10766504800601585,
        "RMSE_test": 0.17475552791792703,
        "R2_test": 0.9590523324778436
    },
    "Natural Gas": {
        "MAE_train": 0.14610863690944137,
        "RMSE_train": 0.23878087385174188,
        "R2_train": 0.9890434962692053,
        "MAE_test": 0.16227936976262042,
        "RMSE_test": 0.235374015224651,
        "R2_test": 0.9845992973840475
    },
    "RBOB Gasoline": {
        "MAE_train": 0.04323334332756771,
        "RMSE_train": 0.056736032268967715,
        "R2_train": 0.9937775061306239,
        "MAE_test": 0.055394909870462354,
        "RMSE_test": 0.07905795591296483,
        "R2_test": 0.9875626756417565
    }
}