{
    "Brent Crude Oil": {
        "MAE_train": 4.833541114788678,
        "RMSE_train": 6.303454519351126,
        "R2_train": 0.9448371608819987,
        "MAE_test": 4.581967141893175,
        "RMSE_test": 5.679470803773951,
        "R2_test": 0.7958426267031791
    },
    "Crude Oil": {
        "MAE_train": 1.3023344954752074,
        "RMSE_train": 1.763848074948989,
        "R2_train": 0.9954060322384648,
        "MAE_test": 1.7909393028870924,
        "RMSE_test": 2.9551592235568416,
        "R2_test": 0.9800689408883354
    },
    "Heating Oil": {
        "MAE_train": 0.04003883221047186,
        "RMSE_train": 0.052898855474963216,
        "R2_train": 0.9955189261515138,
        "MAE_test": 0.07264837688086806,
        "RMSE_test": 0.11515843212859354,
        "R2_test": 0.9822188923875964
    },
    "Natural Gas": {
        "MAE_train": 0.16847141927762613,
        "RMSE_train": 0.28287360531879335,
        "R2_train": 0.984623490250504,
        "MAE_test": 0.17019444089886304,
        "RMSE_test": 0.24621764732906307,
        "R2_test": 0.9831475961793872
    },
    "RBOB Gasoline": {
        "MAE_train": 0.05698307673635,
        "RMSE_train": 0.07394043087204606,
        "R2_train": 0.9894315691641759,
        "MAE_test": 0.07271565897326891,
        "RMSE_test": 0.10347653460891752,
        "R2_test": 0.978693135205241
    }
}