{
  "Crude Oil": {
    "test": {
      "MAE": 1.5809707297708457,
      "RMSE": 2.7934143336702957,
      "R2": 0.9825962866374329
    },
    "train": {
      "MAE": 1.0806953881289763,
      "RMSE": 1.4933234639379005,
      "R2": 0.9967144637053321
    }
  },
  "Natural Gas": {
    "test": {
      "MAE": 0.13778068377098568,
      "RMSE": 0.21774326039018196,
      "R2": 0.9871754141426351
    },
    "train": {
      "MAE": 0.1274937620160945,
      "RMSE": 0.2045213024125415,
      "R2": 0.9919608030117331
    }
  },
  "Heating Oil": {
    "test": {
      "MAE": 0.05147140399670937,
      "RMSE": 0.08226583687533305,
      "R2": 0.9911783705736814
    },
    "train": {
      "MAE": 0.028531003890969797,
      "RMSE": 0.03941156870194159,
      "R2": 0.9975189414422306
    }
  },
  "RBOB Gasoline": {
    "test": {
      "MAE": 0.045653693827120125,
      "RMSE": 0.06686361017462228,
      "R2": 0.9912506353136753
    },
    "train": {
      "MAE": 0.03226917530300775,
      "RMSE": 0.04549945496308668,
      "R2": 0.9960071559329108
    }
  },
  "Brent Crude Oil": {
    "test": {
      "MAE": 1.8850591806265027,
      "RMSE": 2.4685979943083822,
      "R2": 0.9574954475976939
    },
    "train": {
      "MAE": 1.4935849864506023,
      "RMSE": 1.9606826989751804,
      "R2": 0.9946790213564229
    }
  }
}