{
  "MAE": 53.94416897686835,
  "RMSE": 64.440057924375,
  "R2": -1.6562826535947544
}