{
  "MAE": 0.5175018896086576,
  "RMSE": 1.0136939763423936,
  "R2": 0.9976267404720419
}