{"MAE": 13.318567923378824, "RMSE": 18.079444911402117, "R2": 0.2455127977594821}