{
  "train": {
    "MAE": 0.046893867204406914,
    "RMSE": 0.06785811095782017,
    "R2": 0.9999560515249284
  },
  "test": {
    "MAE": 0.1656459140428625,
    "RMSE": 0.36556745224902476,
    "R2": 0.9955974697812426
  }
}