{
  "by_commodity": {
    "Brent Crude Oil": {
      "train": {
        "MAE": 0.11750640522517806,
        "RMSE": 0.16542939772534224,
        "R2": 0.9999593036619027
      },
      "test": {
        "MAE": 0.38168333397230964,
        "RMSE": 0.38168333397230964,
        "R2": 0.999209207346118
      }
    },
    "Crude Oil": {
      "train": {
        "MAE": 0.09882570041351639,
        "RMSE": 0.14381882986861785,
        "R2": 0.9999713495283301
      },
      "test": {
        "MAE": 0.376296360949907,
        "RMSE": 0.376296360949907,
        "R2": 0.9969036265526204
      }
    },
    "Heating Oil": {
      "train": {
        "MAE": 0.00265224240338131,
        "RMSE": 0.0038294803046426493,
        "R2": 0.999977995968962
      },
      "test": {
        "MAE": 0.01860246225536185,
        "RMSE": 0.01860246225536185,
        "R2": 0.9944035194823597
      }
    },
    "Natural Gas": {
      "train": {
        "MAE": 0.012359138737108701,
        "RMSE": 0.021544407267393536,
        "R2": 0.9999109049234348
      },
      "test": {
        "MAE": 0.03077552797926481,
        "RMSE": 0.03077552797926481,
        "R2": 0.9991103784182099
      }
    },
    "RBOB Gasoline": {
      "train": {
        "MAE": 0.003125849242850129,
        "RMSE": 0.004668439623104575,
        "R2": 0.9999607035420123
      },
      "test": {
        "MAE": 0.02087188505746921,
        "RMSE": 0.02087188505746921,
        "R2": 0.9883606171069053
      }
    }
  },
  "global": {
    "train": {
      "MAE": 0.046893867204406914,
      "RMSE": 0.06785811095782017,
      "R2": 0.9999560515249284
    },
    "test": {
      "MAE": 0.1656459140428625,
      "RMSE": 0.36556745224902476,
      "R2": 0.9955974697812426
    }
  }
}