{"MAE": 0.773178729700847, "RMSE": 1.3561104468673995, "R2": 0.9950703391109571}