{
  "train": {
    "MAE": 0.07017570979709158,
    "RMSE": 0.09044474820545935,
    "R2": 0.9999269388305034
  },
  "test": {
    "MAE": 0.17356624141706317,
    "RMSE": 0.3809433043456977,
    "R2": 0.9947745002170393
  }
}