{"MAE": 0.02193913600305863, "RMSE": 0.0656670614804018, "R2": 0.9930667713383374}