{
  "by_commodity": {
    "Brent Crude Oil": {
      "train": {
        "MAE": 0.16096656103897294,
        "RMSE": 0.20622142206313016,
        "R2": 0.9999367591774344
      },
      "test": {
        "MAE": 0.4036426338120648,
        "RMSE": 0.6222520363360058,
        "R2": 0.9990624776729901
      }
    },
    "Crude Oil": {
      "train": {
        "MAE": 0.16216175168916533,
        "RMSE": 0.20908938291749818,
        "R2": 0.9999394430161791
      },
      "test": {
        "MAE": 0.3877119323149084,
        "RMSE": 1.0850610336595783,
        "R2": 0.9968419225196157
      }
    },
    "Heating Oil": {
      "train": {
        "MAE": 0.004450314615415356,
        "RMSE": 0.005784204487724374,
        "R2": 0.9999497992917321
      },
      "test": {
        "MAE": 0.021977738363835393,
        "RMSE": 0.06842291820015953,
        "R2": 0.9924681242379634
      }
    },
    "Natural Gas": {
      "train": {
        "MAE": 0.01829333845696331,
        "RMSE": 0.024723170516605993,
        "R2": 0.9998826743596082
      },
      "test": {
        "MAE": 0.03247726442024461,
        "RMSE": 0.051706088733071524,
        "R2": 0.9991025388357807
      }
    },
    "RBOB Gasoline": {
      "train": {
        "MAE": 0.005006583184941006,
        "RMSE": 0.006405561042337999,
        "R2": 0.9999260183075629
      },
      "test": {
        "MAE": 0.022021638174262698,
        "RMSE": 0.0772744447996734,
        "R2": 0.9863974378188468
      }
    }
  },
  "global": {
    "train": {
      "MAE": 0.07017570979709158,
      "RMSE": 0.09044474820545935,
      "R2": 0.9999269388305034
    },
    "test": {
      "MAE": 0.17356624141706317,
      "RMSE": 0.3809433043456977,
      "R2": 0.9947745002170393
    }
  }
}